id;name_fa;price;description;address;created
1;benchmark Rubber;9324;AI Villages;Streamlined;2021-03-25
2;Branding CSS payment;2750;integrate;Iowa Analyst Buckinghamshire;2021-03-24
3;compress;40965;heuristic backing up Soft;AGP Agent;2021-03-25
4;compressing web-enabled;45088;Curve;Berkshire hub parsing;2021-03-25
5;Future synthesizing;30225;Alabama leading edge;Freeway;2021-03-25
6;THX;60449;Dominican Peso Cambridgeshire;withdrawal CSS;2021-03-25
7;back-end website;14824;Checking Account French Polynesia hard drive;Monitored connecting;2021-03-25
8;Sleek Frozen Keyboard Home Loan Account circuit;69223;Fantastic incentivize;database visualize;2021-03-25
9;1080p Future reciprocal;61071;Intranet HDD Cordoba Oro;frame Rustic Soft Chair COM;2021-03-25
10;Gloves hack Group;8527;Investment Account synergies;Wooden Soft;2021-03-25
